Rank,Gene_Symbol,Mean_Absolute_SHAP
1,PPDPF,0.01740401414552744
2,HCRTR1,0.01589702195881367
3,NKG7,0.014445333464111802
4,CSRP3,0.01268910869750605
5,LINC01310,0.012523666117444019
6,FLT3,0.012072138193441348
7,ARC,0.011667753517718874
8,MYO7B,0.008415324294833148
9,IFI44L,0.008230699825795332
10,GKAP1,0.007511800149795332
11,TBX21,0.007327020393904639
12,KRT86,0.006832433887605289
13,GPRC5A,0.006631724525921536
14,HOXC6,0.006429784802507175
15,LINC01392,0.006326096371091666
16,CDKL1,0.006161276526564504
17,NUP210L,0.005901560099711421
18,MALAT1,0.005804102527350765
19,SERPINB11,0.005784796082580931
20,CLEC3B,0.005290177175686518
21,GPCPD1,0.004855848256392036
22,CASQ2,0.004622626436084037
23,SPDEF,0.004526333169533507
24,CA4,0.004276677185768529
25,EDN3,0.00418223453123299
26,GOLGA8T,0.004086746606171385
27,LTB4R2,0.004086651747690301
28,CYGB,0.003926678627635827
29,GPD1,0.0038584824508253366
30,FAAP100,0.0038077800447323526
31,HSD17B8,0.003697131684171865
32,KREMEN2,0.0036706817354842645
33,DSCAM-AS1,0.0036532379651875732
34,TMEM88,0.0035202898769153444
35,CMTM5,0.003434726881355375
36,PEX11G,0.003371058586898503
37,TNFRSF21,0.0031726045629138825
38,PRR22,0.0031467306287048568
39,COL14A1,0.00308314823379329
40,ATP2A3,0.003064012680142927
41,DEGS2,0.0030105965322836394
42,C7orf61,0.0027846054483229446
43,RNU11,0.00275189690801989
44,ELFN1,0.0027334189160341457
45,NKD2,0.002686937006260675
46,IFI6,0.002595379297795519
47,SLC35G5,0.0022953774726092394
48,EXOC3L1,0.002262997785447872
49,MEGF6,0.002192234812048624
50,BTBD17,0.0021554283936151323
51,CCND1,0.0021233898450141496
52,ZNF628,0.002038094862503559
53,CPXM1,0.0020131696926562
54,LINC01006,0.002002713095894297
55,KCNE5,0.0019800294960916915
56,MYOG,0.001948054019268893
57,LILRA5,0.0018044692075153037
58,LBH,0.0017726164268743764
59,CASTOR3,0.0016847936733561154
60,MYLK2,0.0016266746864698179
61,CIRBP,0.0015688706923287503
62,ANO1,0.0015349530730031083
63,SEMA3G,0.0014981427965277867
64,RAB7B,0.0014690594229853392
65,SLC19A1,0.0014045027923407926
66,CCNB3,0.0013815572951595412
67,CARNS1,0.0013779442628292107
68,TMEM121,0.0013068598856170945
69,MAB21L3,0.001301068416251343
70,PLCH2,0.0012922511041781927
71,KRT26,0.0012445729348087538
72,PCLAF,0.001147986179987036
73,COL9A2,0.0011242312584827776
74,COL9A3,0.001058115890425588
75,C9orf153,0.0010040901554152692
76,LOC283038,0.000893467608261894
77,SLC16A11,0.0007806853650751297
78,EGR1,0.0007595010110391108
79,KRTAP5-7,0.0006950872642064991
80,PRSS56,0.0006738823840666626
81,ZNF341-AS1,0.0006437350206641806
82,JAG2,0.0005796209507266798
83,FBN3,0.000537032025874909
84,MRPL23-AS1,0.0005206161326816475
85,FBLN2,0.000506183020357588
86,OAS3,0.0004658410507651743
87,TARBP1,0.00041621288773937453
88,SNORD17,0.0002496229461239657
89,CD96,0.0002040230683253492
90,LRRC17,0.00012370605507713446
91,ACTA2,0.0
92,FAAH,0.0
93,XPNPEP2,0.0
94,DHRS11,0.0
95,COL18A1,0.0
96,AICDA,0.0
97,NOXA1,0.0
98,CHTF18,0.0
99,TTLL11,0.0
100,GLYCTK,0.0
