Gene_ID,Peso_PC1,Peso_PC2
CIRBP,0.12888811374849554,0.027361782689472827
RBM3,0.12612759168121782,0.02772801845723457
GPCPD1,0.12520449267442693,0.023412940142315833
ELFN1,0.1215489916604907,0.019837937374074185
CASTOR3,0.12069305362497522,0.06575461138246953
DEGS2,0.12009069002264484,0.02728831394017147
BFSP1,0.11975943540698375,-0.010245496535098875
GPD1,0.11899406565134746,0.02431697709246646
CMTM5,0.11899127141984299,0.0651271152160589
OAS3,0.11879563990382465,0.06660577614881211
OPALIN,0.11838383521994399,0.023344255858037323
LINC01006,0.11824749757176431,0.009880469145410352
CARNS1,0.11793348516277503,0.04741571883709675
HSD17B8,0.11783843650297415,0.03573351595692908
CERNA1,0.1177667522836826,-0.007249648178523833
